<?xml version="1.0" encoding="UTF-8" ?>
<XMLDB PATH="mod/certificate/db" VERSION="20070613" COMMENT="XMLDB file for Moodle mod/certificate"
    xmlns:xsi="http://www.w3.org/2001/XMLSchema-instance"
    xsi:noNamespaceSchemaLocation="../../../lib/xmldb/xmldb.xsd"
>
  <TABLES>
    <TABLE NAME="certificate" COMMENT="Defines certificates" NEXT="certificate_issues">
      <FIELDS>
        <FIELD NAME="id" TYPE="int" LENGTH="10" NOTNULL="true" UNSIGNED="true" SEQUENCE="true" ENUM="false" NEXT="course"/>
        <FIELD NAME="course" TYPE="int" LENGTH="10" NOTNULL="true" UNSIGNED="true" DEFAULT="0" SEQUENCE="false" ENUM="false" PREVIOUS="id" NEXT="name"/>
        <FIELD NAME="name" TYPE="char" LENGTH="255" NOTNULL="true" SEQUENCE="false" ENUM="false" PREVIOUS="course" NEXT="emailteachers"/>
        <FIELD NAME="emailteachers" TYPE="int" LENGTH="2" NOTNULL="true" UNSIGNED="true" DEFAULT="0" SEQUENCE="false" ENUM="false" PREVIOUS="name" NEXT="emailothers"/>
        <FIELD NAME="emailothers" TYPE="text" LENGTH="small" NOTNULL="false" SEQUENCE="false" ENUM="false" PREVIOUS="emailteachers" NEXT="savecert"/>
        <FIELD NAME="savecert" TYPE="int" LENGTH="2" NOTNULL="true" UNSIGNED="true" DEFAULT="0" SEQUENCE="false" ENUM="false" PREVIOUS="emailothers" NEXT="reportcert"/>
        <FIELD NAME="reportcert" TYPE="int" LENGTH="2" NOTNULL="true" UNSIGNED="true" DEFAULT="0" SEQUENCE="false" ENUM="false" PREVIOUS="savecert" NEXT="delivery"/>
        <FIELD NAME="delivery" TYPE="int" LENGTH="3" NOTNULL="true" UNSIGNED="true" DEFAULT="0" SEQUENCE="false" ENUM="false" PREVIOUS="reportcert" NEXT="certificatetype"/>
        <FIELD NAME="certificatetype" TYPE="char" LENGTH="50" NOTNULL="true" SEQUENCE="false" ENUM="false" PREVIOUS="delivery" NEXT="borderstyle"/>
        <FIELD NAME="borderstyle" TYPE="char" LENGTH="30" NOTNULL="true" DEFAULT="0" SEQUENCE="false" ENUM="false" PREVIOUS="certificatetype" NEXT="bordercolor"/>
        <FIELD NAME="bordercolor" TYPE="char" LENGTH="30" NOTNULL="true" DEFAULT="0" SEQUENCE="false" ENUM="false" PREVIOUS="borderstyle" NEXT="printwmark"/>
        <FIELD NAME="printwmark" TYPE="char" LENGTH="30" NOTNULL="true" DEFAULT="0" SEQUENCE="false" ENUM="false" PREVIOUS="bordercolor" NEXT="printdate"/>
        <FIELD NAME="printdate" TYPE="int" LENGTH="10" NOTNULL="true" UNSIGNED="true" DEFAULT="0" SEQUENCE="false" ENUM="false" PREVIOUS="printwmark" NEXT="datefmt"/>
        <FIELD NAME="datefmt" TYPE="int" LENGTH="10" NOTNULL="true" UNSIGNED="true" DEFAULT="0" SEQUENCE="false" ENUM="false" PREVIOUS="printdate" NEXT="printnumber"/>
        <FIELD NAME="printnumber" TYPE="int" LENGTH="10" NOTNULL="true" UNSIGNED="true" DEFAULT="0" SEQUENCE="false" ENUM="false" PREVIOUS="datefmt" NEXT="printgrade"/>
        <FIELD NAME="printgrade" TYPE="int" LENGTH="10" NOTNULL="true" UNSIGNED="true" DEFAULT="0" SEQUENCE="false" ENUM="false" PREVIOUS="printnumber" NEXT="gradefmt"/>
        <FIELD NAME="gradefmt" TYPE="int" LENGTH="10" NOTNULL="true" UNSIGNED="true" DEFAULT="0" SEQUENCE="false" ENUM="false" PREVIOUS="printgrade" NEXT="printoutcome"/>
        <FIELD NAME="printoutcome" TYPE="int" LENGTH="10" NOTNULL="true" UNSIGNED="true" DEFAULT="0" SEQUENCE="false" ENUM="false" PREVIOUS="gradefmt" NEXT="printhours"/>
        <FIELD NAME="printhours" TYPE="text" LENGTH="small" NOTNULL="false" SEQUENCE="false" ENUM="false" PREVIOUS="printoutcome" NEXT="lockgrade"/>
        <FIELD NAME="lockgrade" TYPE="int" LENGTH="10" NOTNULL="true" UNSIGNED="true" DEFAULT="0" SEQUENCE="false" ENUM="false" PREVIOUS="printhours" NEXT="requiredgrade"/>
        <FIELD NAME="requiredgrade" TYPE="int" LENGTH="4" NOTNULL="true" UNSIGNED="true" DEFAULT="0" SEQUENCE="false" ENUM="false" PREVIOUS="lockgrade" NEXT="printteacher"/>
        <FIELD NAME="printteacher" TYPE="int" LENGTH="10" NOTNULL="true" UNSIGNED="true" DEFAULT="0" SEQUENCE="false" ENUM="false" PREVIOUS="requiredgrade" NEXT="customtext"/>
        <FIELD NAME="customtext" TYPE="text" LENGTH="small" NOTNULL="false" SEQUENCE="false" ENUM="false" PREVIOUS="printteacher" NEXT="printsignature"/>
        <FIELD NAME="printsignature" TYPE="char" LENGTH="30" NOTNULL="true" DEFAULT="0" SEQUENCE="false" ENUM="false" PREVIOUS="customtext" NEXT="printseal"/>
        <FIELD NAME="printseal" TYPE="char" LENGTH="30" NOTNULL="true" DEFAULT="0" SEQUENCE="false" ENUM="false" PREVIOUS="printsignature" NEXT="timemodified"/>
        <FIELD NAME="timemodified" TYPE="int" LENGTH="10" NOTNULL="true" UNSIGNED="true" DEFAULT="0" SEQUENCE="false" ENUM="false" PREVIOUS="printseal"/>
      </FIELDS>
      <KEYS>
        <KEY NAME="primary" TYPE="primary" FIELDS="id" COMMENT="Primary key for certificate"/>
      </KEYS>
    </TABLE>
    <TABLE NAME="certificate_issues" COMMENT="Info about issued certificates" PREVIOUS="certificate" NEXT="certificate_linked_modules">
      <FIELDS>
        <FIELD NAME="id" TYPE="int" LENGTH="10" NOTNULL="true" UNSIGNED="true" SEQUENCE="true" ENUM="false" NEXT="certificateid"/>
        <FIELD NAME="certificateid" TYPE="int" LENGTH="10" NOTNULL="true" UNSIGNED="true" DEFAULT="0" SEQUENCE="false" ENUM="false" PREVIOUS="id" NEXT="userid"/>
        <FIELD NAME="userid" TYPE="int" LENGTH="10" NOTNULL="true" UNSIGNED="true" DEFAULT="0" SEQUENCE="false" ENUM="false" PREVIOUS="certificateid" NEXT="timecreated"/>
        <FIELD NAME="timecreated" TYPE="int" LENGTH="10" NOTNULL="true" UNSIGNED="true" DEFAULT="0" SEQUENCE="false" ENUM="false" PREVIOUS="userid" NEXT="studentname"/>
        <FIELD NAME="studentname" TYPE="char" LENGTH="40" NOTNULL="true" SEQUENCE="false" ENUM="false" PREVIOUS="timecreated" NEXT="code"/>
        <FIELD NAME="code" TYPE="char" LENGTH="40" NOTNULL="false" SEQUENCE="false" ENUM="false" PREVIOUS="studentname" NEXT="classname"/>
        <FIELD NAME="classname" TYPE="char" LENGTH="254" NOTNULL="true" SEQUENCE="false" ENUM="false" PREVIOUS="code" NEXT="certdate"/>
        <FIELD NAME="certdate" TYPE="int" LENGTH="10" NOTNULL="false" UNSIGNED="true" DEFAULT="0" SEQUENCE="false" ENUM="false" PREVIOUS="classname" NEXT="reportgrade"/>
        <FIELD NAME="reportgrade" TYPE="char" LENGTH="10" NOTNULL="false" SEQUENCE="false" ENUM="false" PREVIOUS="certdate" NEXT="mailed"/>
        <FIELD NAME="mailed" TYPE="int" LENGTH="1" NOTNULL="true" UNSIGNED="true" DEFAULT="0" SEQUENCE="false" ENUM="false" PREVIOUS="reportgrade"/>
      </FIELDS>
      <KEYS>
        <KEY NAME="primary" TYPE="primary" FIELDS="id" COMMENT="Primary key for certificate_issues"/>
      </KEYS>
    </TABLE>
    <TABLE NAME="certificate_linked_modules" COMMENT="Defines certificate dependencies" PREVIOUS="certificate_issues">
      <FIELDS>
        <FIELD NAME="id" TYPE="int" LENGTH="10" NOTNULL="true" UNSIGNED="true" SEQUENCE="true" ENUM="false" NEXT="certificate_id"/>
        <FIELD NAME="certificate_id" TYPE="int" LENGTH="10" NOTNULL="true" UNSIGNED="true" DEFAULT="0" SEQUENCE="false" ENUM="false" PREVIOUS="id" NEXT="linkid"/>
        <FIELD NAME="linkid" TYPE="int" LENGTH="10" NOTNULL="true" UNSIGNED="false" DEFAULT="0" SEQUENCE="false" ENUM="false" PREVIOUS="certificate_id" NEXT="linkgrade"/>
        <FIELD NAME="linkgrade" TYPE="int" LENGTH="10" NOTNULL="true" UNSIGNED="false" DEFAULT="0" SEQUENCE="false" ENUM="false" PREVIOUS="linkid" NEXT="timemodified"/>
        <FIELD NAME="timemodified" TYPE="int" LENGTH="10" NOTNULL="true" UNSIGNED="true" DEFAULT="0" SEQUENCE="false" ENUM="false" PREVIOUS="linkgrade"/>
      </FIELDS>
      <KEYS>
        <KEY NAME="primary" TYPE="primary" FIELDS="id" NEXT="certificate_id" COMMENT="Primary key for certificate_issues"/>
        <KEY NAME="certificate_id" TYPE="foreign" FIELDS="certificate_id" REFTABLE="certificate" REFFIELDS="id" PREVIOUS="primary"/>
      </KEYS>
      <INDEXES>
        <INDEX NAME="linkid" UNIQUE="false" FIELDS="linkid"/>
      </INDEXES>
    </TABLE>
  </TABLES>
  <STATEMENTS>
    <STATEMENT NAME="insert log_display" TYPE="insert" TABLE="log_display" COMMENT="Initial insert of records on table log_display">
      <SENTENCES>
        <SENTENCE TEXT="(module, action, mtable, field) VALUES ('certificate', 'view', 'certificate', 'name')" />
        <SENTENCE TEXT="(module, action, mtable, field) VALUES ('certificate', 'add', 'certificate', 'name')" />
        <SENTENCE TEXT="(module, action, mtable, field) VALUES ('certificate', 'update', 'certificate', 'name')" />
        <SENTENCE TEXT="(module, action, mtable, field) VALUES ('certificate', 'report', 'certificate', 'name')" />
        <SENTENCE TEXT="(module, action, mtable, field) VALUES ('certificate', 'received', 'certificate', 'name')" />
      </SENTENCES>
    </STATEMENT>
  </STATEMENTS>
</XMLDB>